{
  "best_train_loss": 2.6297863054275514,
  "best_test_loss": 2.7802113914489746,
  "test_rmse": 1.6673966646194458,
  "test_mape": 21.23992145061493,
  "train_losses": [
    1070.9849953460694,
    232.28463180541993,
    209.4335887145996,
    214.79146606445312,
    83.11680694580077,
    84.52820419311523,
    64.63059158325196,
    36.1809663772583,
    8.733841590881347,
    6.805674743652344,
    4.675395946502686,
    5.432720279693603,
    4.119497203826905,
    3.9821976470947265,
    5.300819177627563,
    3.923459014892578,
    4.270981025695801,
    3.439784812927246,
    3.4644183826446535,
    3.6323609924316407,
    3.4435038661956785,
    3.518798885345459,
    3.375864100456238,
    3.4833020782470703,
    3.4729139232635498,
    3.365123653411865,
    3.201848955154419,
    3.1319327116012574,
    3.2361858463287354,
    3.484546670913696,
    3.2950082778930665,
    3.0513541507720947,
    2.9549293518066406,
    3.0047030448913574,
    3.2551386737823487,
    4.836913766860962,
    2.9953063678741456,
    3.0536618614196778,
    2.8931178569793703,
    2.9830398321151734,
    2.82118803024292,
    2.7713701057434084,
    2.723750982284546,
    2.7107368087768555,
    2.9324721813201906,
    2.970084381103516,
    2.7688520431518553,
    2.7367487716674805,
    2.740824966430664,
    2.6297863054275514
  ],
  "test_losses": [
    202.65949729919433,
    211.16952560424804,
    227.3828816986084,
    88.11525512695313,
    140.48489128112794,
    139.3856256866455,
    25.984779281616213,
    28.73578847885132,
    6.395421123504638,
    6.019177837371826,
    3.893601446151733,
    7.181345291137696,
    4.182741804122925,
    3.4631006050109865,
    3.617511339187622,
    3.2750859165191653,
    3.3771075057983397,
    3.3388724327087402,
    3.837218475341797,
    5.350812244415283,
    3.4611138343811034,
    4.036686534881592,
    4.168818645477295,
    5.349439563751221,
    3.799640245437622,
    3.3753295230865477,
    3.7894561386108396,
    2.8571820068359375,
    3.070890369415283,
    3.055685348510742,
    2.7960050964355467,
    2.873172626495361,
    3.2075353336334227,
    3.263747396469116,
    3.151031355857849,
    3.132010021209717,
    2.895454568862915,
    3.3400439548492433,
    3.5876179218292235,
    3.561161756515503,
    2.956521906852722,
    3.218804326057434,
    2.7802113914489746,
    3.168462076187134,
    3.375162706375122,
    3.6060266876220703,
    3.0141002559661865,
    4.138347530364991,
    3.0687294387817383,
    2.9966401290893554
  ],
  "config": {
    "num_samples": 500,
    "input_dim": 1,
    "embedding_dim": 32,
    "hidden_dim": 64,
    "num_layers": 2,
    "batch_size": 32,
    "num_epochs": 50,
    "learning_rate": 0.001,
    "weight_decay": 1e-05,
    "feature_type": "degree",
    "train_test_split": 0.8
  }
}