{
  "best_train_loss": 1.3304106783866883,
  "best_test_loss": 1.3783469605445862,
  "test_rmse": 1.1740303039550781,
  "test_mape": 19.44413036108017,
  "train_losses": [
    26.88109302520752,
    15.629243659973145,
    15.694752311706543,
    11.527001914978028,
    15.032748641967773,
    11.890261840820312,
    8.681417350769044,
    6.549237174987793,
    4.592210273742676,
    3.970055866241455,
    2.611410837173462,
    1.9699780941009521,
    2.100510358810425,
    1.7693567848205567,
    2.2177845430374146,
    1.7247967004776001,
    1.7077648878097533,
    2.040893726348877,
    2.1464201259613036,
    1.9458033275604247,
    1.6863258504867553,
    1.7131141781806947,
    1.5297415351867676,
    1.8483317852020265,
    1.956041555404663,
    1.9083763265609741,
    1.8229087972640992,
    1.5580102396011353,
    1.5622695064544678,
    1.6948642420768738,
    1.5268900775909424,
    1.488599500656128,
    1.469907512664795,
    1.4871106195449828,
    1.500891876220703,
    1.4821269178390504,
    1.4726463890075683,
    1.3996907711029052,
    1.4026251888275147,
    1.3736035299301148,
    1.4669351124763488,
    1.375843563079834,
    1.3730597114562988,
    1.3530753707885743,
    1.375285680294037,
    1.3545629453659058,
    1.35389075756073,
    1.3425511598587037,
    1.3544955921173096,
    1.3304106783866883
  ],
  "test_losses": [
    127.4907373046875,
    38.791326904296874,
    34.682855224609376,
    18.396741027832032,
    23.907736511230468,
    20.028772277832033,
    9.433904495239258,
    7.104316291809082,
    7.025106163024902,
    3.7630401611328126,
    2.2747517681121825,
    1.9871508979797363,
    1.592587056159973,
    2.540217733383179,
    1.6489418983459472,
    1.678404951095581,
    2.10274582862854,
    1.4704380881786348,
    2.2116526412963866,
    1.8263932693004608,
    2.3435768926143647,
    1.3913369941711426,
    1.566456537246704,
    1.5133450365066528,
    2.213363056182861,
    1.6972092056274415,
    1.434866509437561,
    1.6258633899688721,
    2.0843679094314576,
    1.5474617671966553,
    1.3783469605445862,
    1.4687982511520385,
    1.7209215211868285,
    1.8359663057327271,
    1.8568394923210143,
    1.4909525561332702,
    1.5324090147018432,
    1.423954315185547,
    1.4254026627540588,
    1.444127640724182,
    1.4689541625976563,
    1.4239308881759642,
    1.4691442894935607,
    1.4776312398910523,
    1.491782670021057,
    1.4362152624130249,
    1.4652894115447999,
    1.4791177892684937,
    1.4673752355575562,
    1.4645260024070739
  ],
  "config": {
    "num_samples": 500,
    "input_dim": 1,
    "embedding_dim": 32,
    "hidden_dim": 64,
    "num_layers": 2,
    "batch_size": 32,
    "num_epochs": 50,
    "learning_rate": 0.001,
    "weight_decay": 1e-05,
    "feature_type": "degree",
    "train_test_split": 0.8
  }
}