{
  "best_train_loss": 1.496392160654068,
  "best_test_loss": 1.7874846816062928,
  "test_rmse": 1.3369684219360352,
  "test_mape": 22.211171686649323,
  "train_losses": [
    15.739766011238098,
    2.826149490475655,
    2.8773961329460143,
    1.9408813071250917,
    1.853859966993332,
    1.8198883801698684,
    1.6439049977064133,
    1.5667893123626708,
    1.525134546160698,
    1.496392160654068
  ],
  "test_losses": [
    18.550785102844237,
    14.84436074733734,
    6.554461843967438,
    3.213534390926361,
    3.7789081037044525,
    2.543519606590271,
    2.4167209911346434,
    2.536803321838379,
    2.2366955423355104,
    1.7874846816062928
  ],
  "config": {
    "num_samples": 500,
    "input_dim": 1,
    "embedding_dim": 32,
    "hidden_dim": 64,
    "num_layers": 2,
    "batch_size": 8,
    "num_epochs": 10,
    "learning_rate": 0.001,
    "weight_decay": 1e-05,
    "feature_type": "degree",
    "train_test_split": 0.8
  }
}