{
  "best_train_loss": 2.183049886703491,
  "best_test_loss": 2.2915129261016847,
  "test_rmse": 1.5137743949890137,
  "test_mape": 17.151479423046112,
  "train_losses": [
    108.35093712043762,
    3.714079694747925,
    3.393729049682617,
    3.327968535423279,
    3.110590599536896,
    2.9674485788345337,
    2.973983706474304,
    2.865780954360962,
    2.8655057849884034,
    2.765577787399292,
    2.6775746841430665,
    2.664560173988342,
    2.719655064582825,
    2.6802013902664186,
    2.7189129304885866,
    2.5479814324378967,
    2.6762799243927002,
    2.5516926670074462,
    2.4472432403564452,
    2.433533214569092,
    2.4069352588653565,
    2.3901185245513914,
    2.3957248668670656,
    2.3618825616836547,
    2.3585623149871826,
    2.344201919555664,
    2.360371700286865,
    2.339038130760193,
    2.4104942426681517,
    2.346554516792297,
    2.3068656616210936,
    2.324976260662079,
    2.2978714427947997,
    2.277581117630005,
    2.2955523862838745,
    2.322921766757965,
    2.296381181716919,
    2.2929603929519655,
    2.3794351539611815,
    2.339735067367554,
    2.284726284980774,
    2.252698317050934,
    2.2550972328186036,
    2.2355570220947265,
    2.2426592741012574,
    2.2314496088027953,
    2.233207981109619,
    2.23587051486969,
    2.219985667705536,
    2.183049886703491
  ],
  "test_losses": [
    4.134413021087647,
    2.9374069213867187,
    2.976786689758301,
    2.804074645996094,
    2.857689458847046,
    2.8543105030059817,
    3.4942374229431152,
    3.7201062660217286,
    2.666812286376953,
    2.726705591201782,
    3.031890972137451,
    2.44464764213562,
    2.54463498878479,
    2.8940887813568117,
    2.5046454467773436,
    2.582201545715332,
    2.497402732849121,
    2.5165002899169924,
    2.5940978145599365,
    2.4557494583129884,
    2.503420310974121,
    2.435933864593506,
    2.438587652206421,
    2.4310915508270265,
    2.3990343952178956,
    2.3824197101593017,
    2.422196237564087,
    2.421595769882202,
    2.4384532508850096,
    2.350692045211792,
    2.405775768280029,
    2.428360996246338,
    2.434075365066528,
    2.3395500888824463,
    2.4128369789123534,
    2.7639902248382566,
    2.2976000862121584,
    2.4535453052520753,
    2.4525542488098147,
    2.3798463954925535,
    2.3579834995269775,
    2.3685965938568114,
    2.2949916000366213,
    2.352086643218994,
    2.331958662033081,
    2.5042374267578125,
    2.3335777072906496,
    2.355105363845825,
    2.3087869987487792,
    2.2915129261016847
  ],
  "config": {
    "num_samples": 5000,
    "input_dim": 1,
    "embedding_dim": 32,
    "hidden_dim": 64,
    "num_layers": 2,
    "batch_size": 32,
    "num_epochs": 50,
    "learning_rate": 0.001,
    "weight_decay": 1e-05,
    "feature_type": "degree",
    "train_test_split": 0.8
  }
}